Vehicle_Type_Category,Class_Description,Total_Registered_Count
Transport,LMV - 3 WHEELED VEHICLE FOR TRANSPORT- PASSENGER (A/R),570386
Transport,LMV - 3 WHEELED VEHICLE FOR TRANSPORT- GOODS,152745
Transport,LMV - LUXURY TAXI,2841
Transport,LMV - AUTORICKSHAW CITY PERMIT,106331
Transport,LMV - MAXICAB,6670
Transport,LMV - GOODS CARRIER TRUCK,275631
Transport,MGV - GOODS CARRIER TRUCK,25623
Transport,HGV - GOODS CARRIER TRUCK,47429
Transport,HGV- MULTI AXLED VEHICLE,2072
Transport,LGV - ARTICULATED VEHICLE,11958
Transport,MGV- ARTICULATED VEHICLE,1408
Transport,HGV-ARTICULATED VEHICLE,2597
Transport,LMV - PRIVATE SERVICE VEHICLE,4921
Transport,MPMV - PRIVATE SERVICE VEHICLE,483
Transport,HPMV - PRIVATE SERVICE VEHICLE,1191
Transport,LMV-CONTRACT CARRIAGE (EIB),19895
Transport,MPMV-CONTRACT CARRIAGE (EIB),5312
Transport,HPMV-CONTRACT CARRIAGE (EIB),3827
Transport,LMV - STAGE CARRIAGE,12106
Transport,MPMV - STAGE CARRIAGE,4287
Transport,HPMV - STAGE CARRIAGE,36975
Transport,LMV STAGE CARRIAGE-RESERVE,425
Transport,MPMV STAGE CARRIAGE-RESERVE,102
Transport,HPMV STAGE CARRIAGE-RESERVE,804
Transport,LMV INTERSTATE CONTRACT CARRIAGE,429
Transport,MPMV - INTERSTATE CONTRACT CARRIAGE,86
Transport,HPMV - INTERSTATE CONTRACT CARRIAGE,91
Transport,LMV - CONTRACT CARRIAGE,37963
Transport,MPMV - CONTRACT CARRIAGE,1368
Transport,HPMV - CONTRACT CARRIAGE,5799
Transport,LMV - ALL INDIA TOURIST TAXI,37400
Transport,MPMV  - ALL INDIA TOURIST OMNI-BUS,453
Transport,HPMV -ALL INDIA TOURIST OMNI-BUS,269
Transport,MGV - EXCAVATOR,342
Transport,HGV - EXCAVATOR,156
Transport,LGV - GOODS CARRIER TANKER,1887
Transport,MGV - GOODS CARRIER TANKER,207
Transport,HGV - GOODS CARRIER TANKER,1975
Transport,LGV - WATER TANKER,445
Transport,MGV - WATER TANKER,173
Transport,HGV - WATER TANKER,585
Transport,LGV - OIL TANKER,34
Transport,MGV - OIL TANKER,16
Transport,HGV - OIL TANKER,209
Transport,LGV - GAS TANKER,28
Transport,MGV - GAS TANKER,3
Transport,HGV - GAS TANKER,36
Transport,LGV - HAZARADOUS GOODS TANKER,97
Transport,MGV - HAZARADOUS GOODS TANKER,22
Transport,HGV - HAZARADOUS GOODS TANKER,1206
Transport,LMV - MOTOR CAB,141292
Transport,LGV - GOODS CARRIER MAIL CARRIER,325
Transport,MGV - GOODS CARRIER MAIL CARRIER,40
Transport,HGV - GOODS CARRIER MAIL CARRIER,129
Transport,LMV - TRACTOR - TRAILOR,2571
Transport,MGV - TRACTOR - TRAILOR,317
Transport,HGV - TRACTOR - TRAILOR,248
Transport,LMV - TRAILER,660
Transport,MGV - TRAILER,41
Transport,HGV - TRAILER,73
Transport,LMV - MOBILE CLINIC,58
Transport,MGV - MOBILE CLINIC,10
Transport,HGV - MOBLIE CLINIC,19
Transport,LMV - MOBILE X-RAY VAN,32
Transport,MGV - MOBILE X-RAY VAN,7
Transport,HGV - MOBILE X-RAY VAN,9
Transport,LMV - MOBILE LIBRARY VAN,13
Transport,MGV - MOBILE LIBRARY VAN,12
Transport,HGV - MOBILE LIBRARY VAN,15
Transport,LMV - MOBILE CANTEEN,10
Transport,MGV - MOBILE CANTEEN,7
Transport,HGV - MOBILE CANTEEN,1
Transport,LMV - CASH VAN,268
Transport,MGV - CASH VAN,14
Transport,HGV - CASH VAN,11
Transport,LMV - CAMPER VAN,108
Transport,MGV - CAMPER VAN,25
Transport,HGV - CAMPER VAN,18
Transport,LMV - CAMPER TRAILER,26
Transport,MGV - CAMPER TRAILER,16
Transport,HGV - CAMPER TRAILER,10
Transport,LMV - CAMPER VAN WITH TRAILER,14
Transport,MGV - CAMPER VAN WITH TRAILER,2
Transport,HGV - CAMPER VAN WITH TRAILER,7
Transport,LMV - MOBILE WORKSHOP,9
Transport,MGV - MOBILE WORKSHOP,8
Transport,HGV - MOBILE WORKSHOP,24
Transport,LMV - FIRE TENDER,125
Transport,MGV - FIRE TENDER,7
Transport,HGV - FIRE TENDER,399
Transport,LMV-FIRE TENDER WITH TRAILER,24
Transport,MGV - FIRE TENDER WITH TRAILER,5
Transport,HGV - FIRE TENDER WITH TRAILER,11
Transport,LMV - OMNIBUS,6495
Transport,MPMV - OMNIBUS,451
Transport,HPMV - OMNIBUS,624
Transport,LMV - DUMPER,60
Transport,MGV - DUMPER,19
Transport,HGV - DUMPER,23
Transport,IMPORTED MOTOR VEHICLE,92
Transport,MOTOR CYCLE - M/CYCL.(WITH SIDE CAR),8710
Transport,MOTOR CYCLE - M/CYCL.WITH TRAILER,22
Transport,MOTOR CYCLE - M/CYCL. USED FOR HIRE,2744
Transport,MOTOR CYCLE - MOTORISED CYCLE-RICKSHAW,436
Transport,MOTOR CYCLE - MOTORISED CYCLE-RICKSHAW,83
Transport,LGV - TIPPER,19306
Transport,MGV - TIPPER,25644
Transport,HGV - TIPPER,20906
Transport,LPMV -  TOURIST VEHICLE OWNED BY TOURIST TRANSPORT OPERATORS,58
Transport,MPMV -  TOURIST VEHICLE OWNED BY TOURIST TRANSPORT OPERATORS,8
Transport,HPMV -  TOURIST VEHICLE OWNED BY TOURIST TRANSPORT OPERATORS,23
Transport,LMV   - AMBULANCE,6647
Transport,MMV  -  AMBULANCE,89
Transport,HMV - AMBULANCE,85
Transport,LMV - GOODS TRUCK CONTAINER,210
Transport,MGV - GOODS TRUCK CONTAINER,102
Transport,HGV - GOODS TRUCK CONTAINER,105
Transport,LMV - ROAD ROLLER,149
Transport,MGV - ROAD ROLLER,53
Transport,HGV - ROAD ROLLER,31
Transport,LMV - ANIMAL AMBULANCE,14
Transport,HGV - ANIMAL AMBULANCE,5
Transport,LMV - HEARSE AMBULANCE,88
Transport,HGV - HEARSE AMBULANCE,1
Transport,LMV - FIRE FIGHTING VEHICLE,3
Transport,MGV - FIRE FIGHTING VEHICLE,1
Transport,HGV - FIRE FIGHTING VEHICLE,30
Transport,LMV - FIRE FIGHTING VEHICLE WITH AUXILIARY TRAILOR,2
Transport,MGV - FIRE FIGHTING VEHICLE WITH AUXILIARY TRAILOR,3
Transport,HGV - FIRE FIGHTING VEHICLE WITH AUXILIARY TRAILOR,2
Transport,LMV - FIRE TENDER WITH SNORKED LADDER,4
Transport,MGV - FIRE TENDER WITH SNORKEDLADDER,1
Transport,HGV - FIRE TENDER WITH SNORKED LADDER,45
Transport,LMV - HAULAGE VEHICLE,23
Transport,MMV- HAULAGE VEHICLE,94
Transport,HMV- HAULAGE VEHICLE,683
Transport,Heavy Goods Vehicle,1486
Transport,POWER TILLER WITH TRAILOR,142
Transport,HGV WATER CANNON,7
Transport,MEDIUM GOODS VEHICLE-NATIONAL PERMIT,1413
Transport,HEAVY GOODS VEHICLE-NATIONAL PERMIT,8822
Transport,LMV - ZONAL TOURIST TAXI,20
Transport,LMV-MOBILE LAB,16
Transport,LMV-DRIVING SCHOOL VEHICLE,205
Transport,MPV-DRIVING SCHOOL VEHICLE,2
Transport,HPV-DRIVING SCHOOL VEHICLE,202
Transport,HGV-DRIVING SCHOOL VEHICLE,147
Transport,HGV ARTICULATED NATIONAL PERMIT,447
Transport,LIGHT GOODS VEHICLE-NATIONAL PERMIT,151
Transport,LMV Contract Carriage Imported Vehicle,2
Transport,HMV  Contract Carriage Imported Vehicle,2
Transport,ALL INDIA TOURIST TAXI Imported Vehicle,8
Transport,LMV ALL INDIA TOURIST Vehicle(  Imported ),3
Transport,LGC Imported Vehicle,17
Transport,HGC Imported Vehicle,3
Transport,LMV STAGE CARRIAGE Imported Vehicle,4
Transport,MPV STAGE CARRIAGE Imported Vehicle,1
Transport,HPV STAGE CARRIAGE Imported Vehicle,5
Transport,LMV AMBULANCE (Imported Vehicle),2
Transport,HGV - FIRE TENDER (IMPORTED VEHICLE),7
Transport,MPMV- MEDIUM CAMPER VAN,3
Transport,LMV - QUADRICYCLE(PASSENGER),122
Transport,MPV - MOBILE CLINIC,10
Transport,MPMV MOBILE LIBRARY VAN,1
Transport,LMV MOBILE RESTAURANT,12
Transport,MMV MOBILE RESTAURANT,1
Transport,LMV MOBILE ATM,6
Transport,LMV MOBILE SHOP,1
Transport,LMV MOBILE EXHIBITION VAN,2
Transport,MMV MOBILE EXHIBITION VAN,1
Transport,LPMV-ALL INDIA TOURIST OMNI-BUS,1
Transport,MOTOR CAB (Rent a cab scheme),645
Transport,E-CART-GOODS,8
Transport,E-RICKSHAW-TRANSPORT,33
Transport,HGV - MULTI AXLE NATIONAL PERMIT,158
Transport,HGV - TIPPER MULTI AXLE,42
Non-Transport,MOTOR CYCLE - BELOW 95CC,394580
Non-Transport,MOTOR CYCLE - ABOVE 95CC,8326119
Non-Transport,LMV - MOTOR CAR Below 1500 CC,2665051
Non-Transport,LMV - PSV For Personal Use Below 1500 CC,58293
Non-Transport,MPMV - PSV For Personal Use Below 1500 CC,2136
Non-Transport,LMV - TRACTOR,13773
Non-Transport,MGV - TRACTOR,699
Non-Transport,HGV - TRACTOR,955
Non-Transport,LMV - TRAILER FOR PERSONAL USE,406
Non-Transport,LMV - THREE WHEELED VEHICLE FOR PERSONAL USE,106550
Non-Transport,LMV -  MOUNTED WITH GENERATOR,2249
Non-Transport,MGV -  MOUNTED WITH GENERATOR,411
Non-Transport,HGV - MOUNTED WITH GENERATOR,138
Non-Transport,LMV - MOUNTED WITH COMPRESSOR,279
Non-Transport,MGV - MOUNTED WITH COMPRESSOR,32
Non-Transport,HGV - MOUNTED WITH COMPRESOR,41
Non-Transport,MGV -  MOUNTED WITH RIG,34
Non-Transport,HGV -  MOUNTED WITH RIG,52
Non-Transport,LMV -  MOUNTED WITH CRANE,189
Non-Transport,MGV -  MOUNTED WITH CRANE,1496
Non-Transport,HGV -  MOUNTED WITH CRANE,683
Non-Transport,IMPORTED MOTOR CYCLE,305
Non-Transport,IMPORTED MOTOR VEHICLE - CAR Below 1500 CC,384
Non-Transport,LMV - TREE TRIMMING VEHICLE,52
Non-Transport,LMV - FORK LIFT,180
Non-Transport,LMV - STATION WAGONS,186
Non-Transport,LMV - TOW TRUCK,268
Non-Transport,MGV -  TOW TRUCK,107
Non-Transport,HGV -  TOW TRUCK,133
Non-Transport,LMV -  CAMPER VAN FOR PRIVATE USE,130
Non-Transport,LMV - BREAKDOWN VAN RECOVERY VEHICLE,344
Non-Transport,MGV - BREAKDOWN VAN RECOVERY VEHICLE,142
Non-Transport,HGV - BREAKDOWN VAN RECOVERY VEHICLE,79
Non-Transport,LMV - JEEPS DRAWING TRAILORS,3560
Non-Transport,MOTOR CYCLE WITH TRAILOR / SIDE CAR,103
Non-Transport,INVALID CARRIAGE - MOTOR CYCLE,9903
Non-Transport,LMV - TOWER WAGON,36
Non-Transport,MGV - TOWER WAGON,21
Non-Transport,HGV -  TOWER WAGON,20
Non-Transport,LMV- TRACTOR  (AGRICULTURE PURPOSE),753
Non-Transport,MGV - TRAILER (AGRICULTURE PURPOSE),45
Non-Transport,LMV - CAR ATTACHED WITH TRAILER,24
Non-Transport,INVALID CARRIAGE - LMV,1235
Non-Transport,LMV - CAMPER TRAILER FOR PERSONAL USE,22
Non-Transport,MGV - CAMPER TRAILER FOR PERSONAL USE,11
Non-Transport,HGV - CAMPER TRAILER FOR PERSONAL USE,16
Non-Transport,BULLDOZER,41
Non-Transport,EARTH MOVING EQUIPMENT,4458
Non-Transport,VIBRATORY COMPACTERS,45
Non-Transport,LMV - ROAD ROLLER,7313
Non-Transport,MGV - ROAD ROLLER,1111
Non-Transport,HGV - ROAD ROLLER,78
Non-Transport,EXCAVATOR,4341
Non-Transport,HPV - MOBILE EXHIBITION VAN,16
Non-Transport,OMNI BUS FOR PRIVATE USE,2632
Non-Transport,MGV-FORK LIFT,9
Non-Transport,HGV-FORK LIFT,29
Non-Transport,LGV MOUNTED WITH RIG,16
Non-Transport,HPMV-OMNI BUS FOR PVT USE,109
Non-Transport,LMV CONSTRUCTION EQUIPMENT,514
Non-Transport,POWER TILLER,1605
Non-Transport,MPV Imported  PSV  Personal Use,1
Non-Transport,HPV Imported  PSV  Personal Use,3
Non-Transport,LMV BULLDOZER,1
Non-Transport,HMV BULLDOZER,1
Non-Transport,LMV EARTH MOVING EQUIPMENT,152
Non-Transport,MMV EARTH MOVING EQUIPMENT,335
Non-Transport,HMV EARTH MOVING EQUIPMENT,54
Non-Transport,LMV VIBRATORY COMPACTERS,7
Non-Transport,MMV VIBRATORY COMPACTERS,37
Non-Transport,HMV VIBRATORY COMPACTERS,5
Non-Transport,LMV EXCAVATOR,504
Non-Transport,MMV EXCAVATOR,1570
Non-Transport,HMV EXCAVATOR,49
Non-Transport,MMV CONSTRUCTION EQUIPMENT,1678
Non-Transport,HMV CONSTRUCTION EQUIPMENT,207
Non-Transport,LMV - MOTOR CAR 1500 CC and above,252593
Non-Transport,LMV - PSV For Personal Use 1500 CC and above,55564
Non-Transport,MPMV - PSV For Personal Use 1500 CC and above,259
Non-Transport,IMPORTED MOTOR VEHICLE - CAR 1500 CC and above,151
Non-Transport,MPMV- MEDIUM CAMPER VAN,5
Non-Transport,LMV IMPORTED PSV Personal Use,1
Non-Transport,LMV IMPORTED CONSTRUCTION EQUIPEMENT VEHICLE,2
Non-Transport,MMV IMPORTED CONSTRUCTION EQUIPEMENT VEHICLE,1
Non-Transport,HMV IMPORTED CONSTRUCTION EQUIPEMENT VEHICLE,2
Non-Transport,LMV MOBILE EXHIBITION VAN,2
Non-Transport,E-RICKSHAW-NON-TRANSPORT,5
Non-Transport,QUADRICYCLE-NTV,6
